<?xml version="1.0" encoding="UTF-8"?>

<mule xmlns:cloudhub="http://www.mulesoft.org/schema/mule/cloudhub" xmlns="http://www.mulesoft.org/schema/mule/core"
	xmlns:doc="http://www.mulesoft.org/schema/mule/documentation"
	xmlns:xsi="http://www.w3.org/2001/XMLSchema-instance" xsi:schemaLocation="http://www.mulesoft.org/schema/mule/core http://www.mulesoft.org/schema/mule/core/current/mule.xsd
http://www.mulesoft.org/schema/mule/cloudhub http://www.mulesoft.org/schema/mule/cloudhub/current/mule-cloudhub.xsd">
	<cloudhub:config name="CloudHub_Config" doc:name="CloudHub Config" doc:id="4fb0b7fa-2326-4b69-b319-f7b3634a7550" >
		<cloudhub:connection username="${cloudhub.username}@${cloudhub.domain.platformenvironment}" password="${cloudhub.password}" environment="${cloudhub.url}" />
	</cloudhub:config>
	<flow name="alerts-creatorFlow" doc:id="1d44b269-6d87-40ca-a1d6-f9430ff38733" >
		<cloudhub:create-notification domain="#[p('api.name') ++ p('api.version') ++ p('mule.env')]" doc:name="Create alert notification" doc:id="c9985a5f-5844-4687-82c9-ebef1595472b" priority="ERROR" config-ref="CloudHub_Config">
			<cloudhub:message ><![CDATA[#[vars.ConnectivityError]]]></cloudhub:message>
		</cloudhub:create-notification>
	</flow>
</mule>
