<?xml version="1.0" encoding="UTF-8"?>

<mule xmlns:http="http://www.mulesoft.org/schema/mule/http"
	xmlns="http://www.mulesoft.org/schema/mule/core" xmlns:doc="http://www.mulesoft.org/schema/mule/documentation"
	xmlns:xsi="http://www.w3.org/2001/XMLSchema-instance"
	xsi:schemaLocation="
http://www.mulesoft.org/schema/mule/http http://www.mulesoft.org/schema/mule/http/current/mule-http.xsd http://www.mulesoft.org/schema/mule/core http://www.mulesoft.org/schema/mule/core/current/mule.xsd">
	<flow name="apps-restarterFlow" doc:id="b889fb9a-f96c-44d7-9dc3-d098dc413d19" >
		<http:request method="POST" doc:name="Request" doc:id="e0753067-6efc-4ef4-a584-8b15d33963a7" config-ref="HTTPS_Request_configuration_autorestart" path="#[p('cloudhub.restapi.application.endpoint') ++ p('api.name') ++ p('api.version') ++ p('mule.env') ++ p('cloudhub.restapi.application.status')]">
			<http:body ><![CDATA[#[%dw 2.0 output application/json ---{status:'Restart'}]]]></http:body>
			<http:headers ><![CDATA[#[output application/java
---
{
	'${anypoint.platform.environment.headername}' : '${anypoint.platform.environment.id}'
}]]]></http:headers>
		</http:request>
	</flow>

	
	</mule>
