<?xml version="1.0" encoding="UTF-8"?>

<mule xmlns:ftp="http://www.mulesoft.org/schema/mule/ftp"
	xmlns:db="http://www.mulesoft.org/schema/mule/db"
	xmlns:http="http://www.mulesoft.org/schema/mule/http"
	xmlns="http://www.mulesoft.org/schema/mule/core" xmlns:doc="http://www.mulesoft.org/schema/mule/documentation"
	xmlns:xsi="http://www.w3.org/2001/XMLSchema-instance"
	xsi:schemaLocation="
http://www.mulesoft.org/schema/mule/ftp http://www.mulesoft.org/schema/mule/ftp/current/mule-ftp.xsd 
http://www.mulesoft.org/schema/mule/db http://www.mulesoft.org/schema/mule/db/current/mule-db.xsd 
http://www.mulesoft.org/schema/mule/http http://www.mulesoft.org/schema/mule/http/current/mule-http.xsd http://www.mulesoft.org/schema/mule/core http://www.mulesoft.org/schema/mule/core/current/mule.xsd">
	<!-- PP -->
	<global-property doc:name="Global Property" doc:id="26932791-2ba2-40f1-95ce-8e11e152c9ed" name="mule.env" value="sand"/>
	<configuration-properties doc:name="Configuration properties" doc:id="19226517-96f1-442d-9c95-ce1f03dfad2d" file="config.yaml"/>
	<configuration-properties doc:name="Configuration properties" doc:id="3f9fbfd2-1bc6-4765-9281-c8d864598f57" file="config-${mule.env}.yaml"/>
	<http:request-config name="HTTPS_Request_configuration_autorestart" doc:name="HTTP Request configuration" basePath="${cloudhub.restapi.basepath}">
		<http:request-connection protocol="HTTPS" host="${cloudhub.restapi.host}" port="${cloudhub.restapi.port}">
			<http:authentication>
				<http:basic-authentication username="${anypoint.platform.account.username}" password="${anypoint.platform.account.password}"/>
			</http:authentication>
		</http:request-connection>
	</http:request-config>
	<db:config name="Database_Config_Test" doc:name="Database Config" doc:id="f8c36b9f-91bc-4565-9fa0-f21f66bd1ad0" >
		<db:generic-connection url="jdbc:sqlserver://${db.test.server}" driverClassName="com.microsoft.sqlserver.jdbc.SQLServerDriver" user="${db.test.user}" password="${db.test.password}" />
	</db:config>
	<ftp:config name="FTP_Config_Test" doc:name="FTP Config" doc:id="b4d46873-222b-411e-a543-0e3d79cab3bb" >
		<ftp:connection host="${ftp.host}" port="${ftp.port}" username="${ftp.username}" password="${ftp.password}"/>
	</ftp:config>
	<global-property doc:name="Global Property" doc:id="3a54c1df-a434-42ec-bd45-8f6056766f1b" name="org" value="InterWorks" />
	
</mule>
