<?xml version="1.0" encoding="UTF-8"?>

<mule xmlns:db="http://www.mulesoft.org/schema/mule/db" xmlns:ftp="http://www.mulesoft.org/schema/mule/ftp"
	xmlns:file="http://www.mulesoft.org/schema/mule/file"
	xmlns:sockets="http://www.mulesoft.org/schema/mule/sockets" xmlns="http://www.mulesoft.org/schema/mule/core" xmlns:doc="http://www.mulesoft.org/schema/mule/documentation" xmlns:xsi="http://www.w3.org/2001/XMLSchema-instance" xsi:schemaLocation="http://www.mulesoft.org/schema/mule/core http://www.mulesoft.org/schema/mule/core/current/mule.xsd
http://www.mulesoft.org/schema/mule/sockets http://www.mulesoft.org/schema/mule/sockets/current/mule-sockets.xsd
http://www.mulesoft.org/schema/mule/file http://www.mulesoft.org/schema/mule/file/current/mule-file.xsd
http://www.mulesoft.org/schema/mule/ftp http://www.mulesoft.org/schema/mule/ftp/current/mule-ftp.xsd
http://www.mulesoft.org/schema/mule/db http://www.mulesoft.org/schema/mule/db/current/mule-db.xsd">

	
	<flow name="iw-monitor_Flow" doc:id="9573f1f4-1530-4c5b-83d5-bf2649d9476d" >
		<file:listener doc:name="On New or Updated File" doc:id="4d402664-bb35-42b4-9431-5bcc6a4a5d96" directory="${app.home}/${file.path}" recursive="false">
			<scheduling-strategy>
				<fixed-frequency frequency="15" timeUnit="MINUTES" />
			</scheduling-strategy>
		</file:listener>
		<scatter-gather doc:name="Scatter-Gather" doc:id="3b8282d4-45ee-477a-9411-319d77bb4718" >
			<route >
				<flow-ref doc:name="iw-monitor-ftp_Flow" doc:id="ff4d258e-2a24-46da-8035-669edc2a26f7" name="iw-monitor-ftp_Flow"/>
			</route>
			<route >
				<flow-ref doc:name="iw-monitor-db_Flow" doc:id="a8b02e8d-f985-4b82-aeb4-df4c996c6caa" name="iw-monitor-db_Flow"/>
			</route>
		</scatter-gather>
	</flow>
	<flow name="iw-monitor-ftp_Flow" doc:id="2aaa393a-bbb9-4ba5-b6df-456dd1ba60b9" >
		<set-payload value="#[payload]" doc:name="set initial payload" doc:id="67b60924-1033-487e-acbb-c3754a8d591e" mimeType="text/plain"/>
		<ftp:write doc:name="wtite file on FTP location" doc:id="0370d768-acc4-476f-b6df-a6e5ac9039bf" config-ref="FTP_Config_Test" path="#[p('ftp.path') ++ attributes.fileName]" createParentDirectories="false">
		</ftp:write>
		<logger level="INFO" doc:name="Log success transaction" doc:id="aef4ee8c-94dc-453c-9b21-14e99867c1aa" message="#['The file: ' ++ attributes.fileName ++ ' is successfully stored on FTP at: ' ++ now()]"/>
		<error-handler >
			<on-error-propagate enableNotifications="true" logException="true" doc:name="On Error Propagate" doc:id="9741349a-465a-41aa-9a8a-e4b38794a234" >
				<set-variable value="#['FTP Error message for testing : ' ++ error.description]" doc:name="FTP connectivity error" doc:id="ba7b78f7-bb89-4b93-9720-4dac235488d8" variableName="ConnectivityError"/>
				<set-variable value="iw-monitor-" doc:name="app name" doc:id="d5d3450f-c599-4db2-ba0e-9c0be1bf6891" variableName="appname"/>		
				<flow-ref doc:name="alerts-creatorFlow" doc:id="4e1911f8-8727-4d75-bd5e-a3e06b53efae" name="alerts-creatorFlow"/>
				<flow-ref doc:name="apps-restarterFlow" doc:id="ab8d0964-81ad-4523-87bb-545226b747c4" name="apps-restarterFlow"/>
				<flow-ref doc:name="jira-ticket-creatorFlow" doc:id="f918c449-cf36-4e98-b544-27eade65f582" name="jira-ticket-creatorFlow" />
			</on-error-propagate>
		</error-handler>
	</flow>
	<flow name="iw-monitor-db_Flow" doc:id="223fd8f0-1b59-43ba-b894-ca0c7cdc2054" >
		<db:select doc:name="Select" doc:id="2faecd94-897e-470d-9ad9-86b1c5c333cf" config-ref="Database_Config_Test">
			<db:sql >SELECT * FROM IWJiraMonitoring.dbo.account</db:sql>
		</db:select>
		<logger level="INFO" doc:name="Logger" doc:id="2f55fee9-0f73-47a8-9500-46dad74cdf9d" message="#[payload]"/>
		<error-handler >
			<on-error-propagate enableNotifications="true" logException="true" doc:name="On Error Propagate" doc:id="1bd17145-6d02-4acc-83ca-7997c033e775" >
				<set-variable value="#[payload ++ 'DB Error message for testing']" doc:name="FTP connectivity error" doc:id="c903f3bb-baa3-4d31-a450-5567c67d0f91" variableName="ConnectivityError"/>
				<set-variable value="iw-monitor" doc:name="app name" doc:id="545fba32-82a0-4fa3-8705-fc8dc7c5bc97" variableName="appname"/>
				<flow-ref doc:name="alerts-creatorFlow" doc:id="bb57df0a-1e81-4066-b21d-77654723b7f6" name="alerts-creatorFlow"/>
				<flow-ref doc:name="apps-restarterFlow" doc:id="5c95344f-522f-4668-9cb5-af6ce9987891" name="apps-restarterFlow"/>
				<flow-ref doc:name="jira-ticket-creatorFlow" doc:id="5e3e5bf8-3bad-4686-afdc-8d6e5949af38" name="jira-ticket-creatorFlow" />
			
</on-error-propagate>
		</error-handler>
	</flow>
</mule>
