<?xml version="1.0" encoding="UTF-8"?>

<mule xmlns:http="http://www.mulesoft.org/schema/mule/http" xmlns:ee="http://www.mulesoft.org/schema/mule/ee/core"
	xmlns="http://www.mulesoft.org/schema/mule/core"
	xmlns:doc="http://www.mulesoft.org/schema/mule/documentation" xmlns:xsi="http://www.w3.org/2001/XMLSchema-instance" xsi:schemaLocation="http://www.mulesoft.org/schema/mule/core http://www.mulesoft.org/schema/mule/core/current/mule.xsd
http://www.mulesoft.org/schema/mule/ee/core http://www.mulesoft.org/schema/mule/ee/core/current/mule-ee.xsd
http://www.mulesoft.org/schema/mule/http http://www.mulesoft.org/schema/mule/http/current/mule-http.xsd">
	<http:request-config name="HTTP_JIRA_Request_configuration" doc:name="HTTP Request configuration" doc:id="2180a953-7f7c-4af6-a9a6-54f026bd371f" basePath="/rest/api/2" >
		<http:request-connection host="mule-poc.atlassian.net" port="443" protocol="HTTPS">
			<http:authentication >
				<http:basic-authentication username="sasho.rajchinoski@interworks.com.mk" password="lbzZnRpCgvHhwrpXU2E4C77D" />
			</http:authentication>
		</http:request-connection>
	</http:request-config>
	<flow name="jira-ticket-creatorFlow" doc:id="f588b4b4-2910-4053-81f5-0073ca610b1b" >
		<choice doc:name="FTP or DB connection issue ?" doc:id="b6f9f97f-6906-4551-b278-ae9395272590" >
			<when expression="#[vars.ConnectivityError contains 'FTP Error message for testing']">
				<ee:transform doc:name="Ftp Jira request" doc:id="f20c539f-9dd7-4e26-8f36-c3678331499f" >
					<ee:message >
						<ee:set-payload ><![CDATA[%dw 2.0
output application/json

var testUser = "testuser"

var env = p('mule.env') match {
	case matches /prd/ -> 'PROD'
	case matches /qa|uat/ -> 'UAT'
	case matches /sand/ -> 'SANDBOX'
	case matches /desg/ -> 'DESIGN'
	else -> 'DEV'
}

var org = p('org') match {
	case matches /InterWorks/ -> 1
	case matches /Google/ -> 2
	case matches /Apple/ -> 3
	else -> '4'
}

fun format(d: DateTime) = d as String {format: "yyyy-MM-dd"} 
---
{
	"fields": {
		"project": {
			"key": "MSD"
		},
		"summary": "[" ++ env ++ "] - FTP connection is down",
		"description": "FTP connection one the " ++ env ++ " environment is down. The application " ++ vars.appname ++ ". Please refer to the attachment for the details of the issue" ,
		"components": [
			{
				"name": env
			}
		],
		"issuetype": {
			"name": "FTP Connection Lost"
		},
		"priority": {
			"name": if (env=='DEV') ('Low') else
			        if (env=='UAT') ('Medium') else
			        if (env=='PROD') ('Critical') else
			        if (env=='DESIGN') ('Low') else
			        if (env=='SANDBOX') ('Medium') else
			        'Unknown'
		},
		"duedate": format(now()),
		"customfield_10026": [
			{
				"accountId": testUser
			}
		],
		"customfield_10003": [
			{
				"accountId": testUser
			}
		],
		"customfield_10002": [
			org
		]
	}
}]]></ee:set-payload>
					</ee:message>
					<ee:variables >
					</ee:variables>
				</ee:transform>
				<http:request method="POST" doc:name="create Jira ticket" doc:id="75c6f275-64c4-403a-a358-c34571f88c05" config-ref="HTTP_JIRA_Request_configuration" path="/issue/">
				</http:request>
				<logger level="INFO" doc:name="ticket creation response" doc:id="a7322b42-0820-491b-b6b6-905b3a60ff53" message="#[payload]" />
				<ee:transform doc:name="ftp attachment request" doc:id="325fffa9-3d1a-434c-a489-f740f1e90878">
					<ee:message>
						<ee:set-payload><![CDATA[%dw 2.0
output multipart/form-data
boundary='34b21'
---
{
  parts : {
    file1 : {
      headers : {
        "Content-Disposition": {
            "name": "file",
            "filename": "ftperror.json"
        },
        "Content-Type": "application/json"
      },
      content : error.detailedDescription
    }
}}]]></ee:set-payload>
					</ee:message>
					<ee:variables >
						<ee:set-variable variableName="keyName" ><![CDATA[%dw 2.0
output application/java
---
"/issue/" ++ payload.key ++ "/attachments"]]></ee:set-variable>
					</ee:variables>
				</ee:transform>
				<http:request method="POST" doc:name="update Jira ticket" doc:id="38d5ecc2-6283-4790-9d81-23a5ad466c61" config-ref="HTTP_JIRA_Request_configuration" path="#[vars.keyName]">
					<http:headers ><![CDATA[#[output application/java
---
{
	"X-Atlassian-Token" : "no-check"
}]]]></http:headers>
				</http:request>
				<logger level="INFO" doc:name="upate ticket response" doc:id="4066e926-5da4-4a65-ba48-948ce3c752fe" message="#[payload]"/>
			</when>
			<when expression="#[vars.ConnectivityError contains 'DB Error message for testing']">
				<ee:transform doc:name="DB Jira request" doc:id="d0420cae-942c-4950-bfd0-7839a38ba6df" >
					<ee:message >
						<ee:set-payload ><![CDATA[%dw 2.0
output application/json

var test = "testuser"

var env = p('mule.env') match {
	case matches /prd/ -> 'PROD'
	case matches /qa|uat/ -> 'UAT'
	case matches /sand/ -> 'SANDBOX'
	case matches /desg/ -> 'DESIGN'
	else -> 'DEV'
}

var org = p('org') match {
	case matches /InterWorks/ -> 1
	case matches /Google/ -> 2
	case matches /Apple/ -> 3
	else -> '4'
}

fun format(d: DateTime) = d as String {format: "yyyy-MM-dd"} 
---
{
	"fields": {
		"project": {
			"key": "MSD"
		},
		"summary": "[" ++ env ++ "] - DB connection is down",
		"description": "DB connection in the " ++ env ++ " environment is down. The application is: " ++ vars.appname ++ ". Please refer to the attachment for the details of the issue" ,
		"components": [
			{
				"name": env
			}
		],
		"issuetype": {
			"name": "Connection Time-out"
		},
		"priority": {
			"name": if (env=='DEV') ('Low') else
			        if (env=='UAT') ('Medium') else
			        if (env=='PROD') ('Critical') else
			        if (env=='DESIGN') ('Low') else
			        if (env=='SANDBOX') ('Medium') else
			        'Unknown'
		},
		"duedate": format(now()),
		"customfield_10026": [
			{
				"accountId": test
			}
		],
		"customfield_10003": [
			{
				"accountId": test
			}
		],
		"customfield_10002": [
			org
		]
	}
}]]></ee:set-payload>
					</ee:message>
				</ee:transform>
				<http:request method="POST" doc:name="create Jira request" doc:id="2c18e075-8651-4a2b-bbb3-b4dae7674f9e" config-ref="HTTP_JIRA_Request_configuration" path="/issue/"/>
				<logger level="INFO" doc:name="ticket creation response" doc:id="16b7f188-6f76-46c0-9575-cf64aaea517c" message="#[payload]"/>
				<ee:transform doc:name="db attachment request" doc:id="6d2a7784-d445-4fd3-bde4-7534c1e6b78b" >
					<ee:message >
						<ee:set-payload ><![CDATA[%dw 2.0
output multipart/form-data
boundary='34b21'
---
{
  parts : {
    file1 : {
      headers : {
        "Content-Disposition": {
            "name": "file",
            "filename": "error.json"
        },
        "Content-Type": "application/json"
      },
      content : error.detailedDescription
    }
}}]]></ee:set-payload>
					</ee:message>
					<ee:variables >
						<ee:set-variable variableName="keyName" ><![CDATA[%dw 2.0
output application/java
---
"/issue/" ++ payload.key ++ "/attachments"]]></ee:set-variable>
					</ee:variables>
				</ee:transform>
				<http:request method="POST" doc:name="update Jira ticket" doc:id="31305ac3-5dd5-4684-ac13-c5b9c461acc7" config-ref="HTTP_JIRA_Request_configuration" path="#[vars.keyName]">
					<http:headers ><![CDATA[#[output application/java
---
{
	"X-Atlassian-Token" : "no-check"
}]]]></http:headers>
				</http:request>
				<logger level="INFO" doc:name="update ticket response" doc:id="bf6a8a2a-2565-403c-8af7-6c3c03c9aaab" message="#[payload]"/>
			
</when>
			<otherwise >
				<logger level="INFO" doc:name="Undentified error message!" doc:id="d0972701-0302-46af-8901-04a238b7aeac" message="Undentified error message!"/>
			</otherwise>
		</choice>
	</flow>
</mule>
